PROD_TYP,n,NOK,v_eta,eta_multiplier,v_k,k_multiplier,eta_active,k_active
China||31-1723,1,0,0.0,1.0,0.0,1.0,False,False
China||536,1,0,0.0,1.0,0.0,1.0,False,False
FACOM||1300E,1,0,0.0,1.0,0.0,1.0,False,False
"FACOM||270A,",2,0,0.0,1.0,0.0,1.0,False,False
FACOM||MPS150,19,1,0.0,1.0,0.0,1.0,False,False
HHW||5015947,1,1,0.0,1.0,0.0,1.0,False,False
Hommel||31007,16,4,0.0,1.0,0.0,1.0,False,False
Insize||1108-150,11,2,0.0,1.0,0.0,1.0,False,False
Insize||1112-150,82,10,0.0,1.0,0.0,1.0,False,False
Insize||1112-200,7,1,0.0,1.0,0.0,1.0,False,False
Insize||1112-300,18,2,0.0,1.0,0.0,1.0,False,False
Insize||1114-300,2,1,0.0,1.0,0.0,1.0,False,False
Insize||1118-300,1,0,0.0,1.0,0.0,1.0,False,False
Insize||1187-150,1,0,0.0,1.0,0.0,1.0,False,False
Insize||1204-70,1,0,0.0,1.0,0.0,1.0,False,False
KMITEX||11016551,1,0,0.0,1.0,0.0,1.0,False,False
KMITEX||6000,1,0,0.0,1.0,0.0,1.0,False,False
KS TOOLS||MPS300,1,0,0.0,1.0,0.0,1.0,False,False
Kinex||1150D,1,1,0.0,1.0,0.0,1.0,False,False
Kinex||500,8,0,0.0,1.0,0.0,1.0,False,False
Kinex||6000,1,0,0.0,1.0,0.0,1.0,False,False
Kinex||955,1,1,0.0,1.0,0.0,1.0,False,False
Kinex||957,2,1,0.0,1.0,0.0,1.0,False,False
Kinex||MPS150,1,0,0.0,1.0,0.0,1.0,False,False
Kinex||MPS300,1,0,0.0,1.0,0.0,1.0,False,False
Kinex||MPS39,4,1,0.0,1.0,0.0,1.0,False,False
Links||MPS200,1,0,0.0,1.0,0.0,1.0,False,False
MITAKO||907,412,241,-0.8867521000243332,0.41199168988241974,-0.11379223649607771,0.8924433537805165,True,True
MWQ||14015459,1,0,0.0,1.0,0.0,1.0,False,False
Mahr||16ER,12,4,0.0,1.0,0.0,1.0,False,False
Mahr||16EWR,11,3,0.0,1.0,0.0,1.0,False,False
Mahr||16EWRi,4,0,0.0,1.0,0.0,1.0,False,False
Mahr||16EWV,2,0,0.0,1.0,0.0,1.0,False,False
Mahr||16EX,5,1,0.0,1.0,0.0,1.0,False,False
Mahr||18N,2,1,0.0,1.0,0.0,1.0,False,False
Mahr||25ES,2,1,0.0,1.0,0.0,1.0,False,False
Mahr||4102403,8,1,0.0,1.0,0.0,1.0,False,False
Mahr||500,2,0,0.0,1.0,0.0,1.0,False,False
Mauser||05.38001,2,1,0.0,1.0,0.0,1.0,False,False
"Mauser||05.38001,",1,1,0.0,1.0,0.0,1.0,False,False
Mauser||N070661,1,0,0.0,1.0,0.0,1.0,False,False
Mauser||PAC250BI,2,2,0.0,1.0,0.0,1.0,False,False
Mitutoyo||160,1,1,0.0,1.0,0.0,1.0,False,False
Mitutoyo||500,427,140,-0.4021868377563111,0.6688557665045856,0.08186670549097017,1.0853111341727537,True,True
Mitutoyo||505,26,8,0.0,1.0,0.0,1.0,False,False
Mitutoyo||530,13,1,0.0,1.0,0.0,1.0,False,False
Mitutoyo||533,5,0,0.0,1.0,0.0,1.0,False,False
Mitutoyo||534,1,0,0.0,1.0,0.0,1.0,False,False
Mitutoyo||536,6,1,0.0,1.0,0.0,1.0,False,False
Mitutoyo||550,22,5,0.0,1.0,0.0,1.0,False,False
Mitutoyo||551,40,14,0.0,1.0,0.0,1.0,False,False
Mitutoyo||552,3,1,0.0,1.0,0.0,1.0,False,False
Mitutoyo||561,1,0,0.0,1.0,0.0,1.0,False,False
Mitutoyo||573,9,5,0.0,1.0,0.0,1.0,False,False
Samson||906,1,1,0.0,1.0,0.0,1.0,False,False
Samson||MPS300,2,0,0.0,1.0,0.0,1.0,False,False
Schut||11016551,2,0,0.0,1.0,0.0,1.0,False,False
Schut||906,157,131,-1.1992624287531986,0.3014164460492915,-0.02067225920877771,0.9795399471643591,True,True
Shut||906,1,1,0.0,1.0,0.0,1.0,False,False
Smiec||10-8904,1,1,0.0,1.0,0.0,1.0,False,False
Somet||11015611,7,1,0.0,1.0,0.0,1.0,False,False
Somet||11016511,37,17,0.0,1.0,0.0,1.0,False,False
Somet||11016551,84,22,0.6765681887334306,1.9671153666082963,0.0,1.0,True,False
Somet||11016611,48,22,0.0,1.0,0.0,1.0,False,False
Somet||11016651,23,8,0.0,1.0,0.0,1.0,False,False
Somet||12030660,1,1,0.0,1.0,0.0,1.0,False,False
Somet||13040560,1,0,0.0,1.0,0.0,1.0,False,False
Somet||13100560,1,1,0.0,1.0,0.0,1.0,False,False
Somet||14015459,1,0,0.0,1.0,0.0,1.0,False,False
Somet||14015472,1,0,0.0,1.0,0.0,1.0,False,False
Somet||14016454,1,0,0.0,1.0,0.0,1.0,False,False
Somet||14016458,84,39,0.07461350856639778,1.0774676383883397,0.0,1.0,True,False
Somet||14016459,65,34,0.0,1.0,0.0,1.0,False,False
Somet||14016479,6,3,0.0,1.0,0.0,1.0,False,False
Somet||14020459,5,3,0.0,1.0,0.0,1.0,False,False
Somet||14030459,23,15,0.0,1.0,0.0,1.0,False,False
Somet||16030469,2,1,0.0,1.0,0.0,1.0,False,False
Somet||17015251,1,0,0.0,1.0,0.0,1.0,False,False
Somet||241236,1,1,0.0,1.0,0.0,1.0,False,False
Somet||251239,1,0,0.0,1.0,0.0,1.0,False,False
Somet||907,75,41,-0.6996540905471552,0.49675710705460807,0.0,1.0,True,False
Somet||K031250,1,0,0.0,1.0,0.0,1.0,False,False
Somet||MPS150,1,0,0.0,1.0,0.0,1.0,False,False
Somet||MPS200,8,0,0.0,1.0,0.0,1.0,False,False
Somet||MPS300,6,0,0.0,1.0,0.0,1.0,False,False
Somet||MPS39,6,0,0.0,1.0,0.0,1.0,False,False
Somet||MPS400,2,0,0.0,1.0,0.0,1.0,False,False
Somet||MPS600,1,0,0.0,1.0,0.0,1.0,False,False
Sylvac||500,1,1,0.0,1.0,0.0,1.0,False,False
Sylvac||PM200,1,0,0.0,1.0,0.0,1.0,False,False
Sylvac||S225,3,2,0.0,1.0,0.0,1.0,False,False
TESA||00539390,1,1,0.0,1.0,0.0,1.0,False,False
TESA||00539393,1,1,0.0,1.0,0.0,1.0,False,False
TESA||05.30034,5,1,0.0,1.0,0.0,1.0,False,False
"TESA||05.30034,",1,1,0.0,1.0,0.0,1.0,False,False
TESA||539393,1,1,0.0,1.0,0.0,1.0,False,False
Unior||270A,2,0,0.0,1.0,0.0,1.0,False,False
Vigor||V1713,4,4,0.0,1.0,0.0,1.0,False,False
